{
  "pcatr_290425_btc_60m_2": -30.1608538185859064,
  "pcatr_290425_rose_15m_2": -50.1073666713038889,
  "pcatr_290425_sol_15m_2": -50.0804675666112227,
  "pcatr_290425_mkr_60m_2": -50.0802953555183605,
  "pcatr_sol_15m_2": -24.0802719043485898,
  "pcatr_290425_sol_60m_2": -55.0789987058016672,
  "pcatr_290425_near_15m_2": -50.0654986195788367,
  "pcatr_290425_near_60m_2": -20.0371583735345869,
  "envelope_long_inj_15m_1": -20.0369806619445393,
  "envelope_long_dydx_15m_1": -10.0362999116060735,
  "pcatr_sol_15m_1": -20.0332925961452589,
  "bbtrend_hbar_05m_1": -50.0328251234816293,
  "pcatr_sol_30m_1": 22.0306977989209048,
  "fluger_sol_30m_1": -25.0301674884583948,
  "pcatr_sol_05m_1": -22.0297752427854,
  "fluger_short_bch_30m_1": -12.0267863194444708,
  "fluger_avax_30m_1": -20.0262937131027956,
  "bbtrend_imx_05m_1": -10.0251347215049555,
  "pcatr_eth_60m_1": -24.0231126994779095,
  "fluger_atom_30m_1": -20.0220403075674296,
  "fluger_tao_60m_1": -20.0213318973303568,
  "fluger_short_ada_30m_1": -10.0205479286892493,
  "fluger_short_fil_30m_1": -10.0188210709611647,
  "pcatr_eth_30m_1": -18.0182892470063168,
  "bbtrend_short_atom_05m_1": -8.0176677698581932
}
