{
  "bbtrend_avax_05m_1": -100.0176677698581932,
  "bbtrend_btc_05m_1":-100.0176677698581932,
  "bbtrend_hbar_05m_1":-100.0176677698581932,
  "bbtrend_imx_05m_1":-100.0176677698581932,
  "bbtrend_short_atom_05m_1":-100.0176677698581932,
  "fluger_atom_30m_1":-100.0176677698581932,
  "fluger_avax_30m_1":-100.0176677698581932,
  "fluger_bnb_30m_1":-100.0176677698581932,
  "fluger_eth_30m_1":-100.0176677698581932,
  "fluger_imx_30m_1":-100.0176677698581932,
  "fluger_pyth_30m_1":-100.0176677698581932,
  "fluger_short_ada_30m_1":-100.0176677698581932,
  "fluger_short_atom_30m_1":-100.0176677698581932,
  "fluger_short_avax_30m_1":-100.0176677698581932,
  "fluger_short_fil_30m_1":-100.0176677698581932,
  "fluger_short_modern_atom_60m_1":-100.0176677698581932,
  "fluger_short_modern_fil_60m_1":-100.0176677698581932,
  "fluger_sol_30m_1":-100.0176677698581932,
  "pcatr_290425_avax_30m_2":-100.0176677698581932,
  "pcatr_290425_near_15m_2":-100.0176677698581932,
  "pcatr_290425_near_15m_310725":-100.0176677698581932,
  "pcatr_btc_30m_1":-100.0176677698581932,
  "pcatr_eth_05m_1":-100.0176677698581932,
  "pcatr_eth_15m_1":-100.0176677698581932,
  "pcatr_eth_30m_1":-100.0176677698581932,
  "pcatr_eth_60m_1":-100.0176677698581932,
  "pcatr_sol_05m_1":-100.0176677698581932,
  "pcatr_sol_15m_1":-100.0176677698581932,
  "pcatr_sol_15m_2":-100.0176677698581932,
  "pcatr_sol_30m_1":-100.0176677698581932
}
